extract_layer,ablate_spec,n_ablate_layers,coeff,refusal_rate,perplexity,perplexity_pct_change,coherent
15,all,26,0.1,1.0,107.22844696044922,76.71210417160427,False
15,all,26,0.2,1.0,308.1621398925781,407.8501247577299,False
15,all,26,0.4,0.64,4363.45166015625,7090.953018294657,False
15,extract,1,1.0,0.92,69.78472900390625,15.004988423211916,True
20,all,26,0.1,0.68,82.74530029296875,36.36396441025647,True
20,all,26,0.2,0.04,187.17308044433594,208.46057951207123,False
20,all,26,0.4,0.0,2599.016357421875,4183.1698333357435,False
20,extract,1,1.0,0.32,62.53923797607422,3.064444644218867,True
